TOKO,latitude dms,longitude dms
FKMZ,S1 15 08.1,E116 50 41.5
TF4W,S1 15 14.6,E116 55 41.7
F0OA,S1 16 30.5,E116 50 53.8
TMOO,S1 13 53.5,E116 53 17.1
FM54,S0 49 53.3,E117 13 53.8
TZER,S1 16 03.4,E116 52 54.4
TPM3,S1 14 37.3,E116 51 27.7
FNNN,S1 13 07.6,E116 51 16.4
T8B8,S1 13 11.6,E116 58 05.4
T1LY,S1 14 12.4,E116 51 18.7
TTKK,S1 13 59.4,E116 48 52.2
FH98,S1 16 11.8,E116 51 22.0
T1M3,S1 13 49.8,E116 53 29.4
TIZA,S1 13 57.0,E116 51 50.4
TNRS,S1 13 09.3,E116 50 37.2
F7PW,S1 15 21.4,E116 52 05.7
T5FF,S1 14 53.8,E116 53 51.6
T95A,S1 14 37.2,E116 56 30.9
TICH,S1 12 17.7,E116 52 05.5
TNRC,S1 16 20.3,E116 51 31.5
T77E,S1 15 27.1,E116 54 31.6
T4MW,S1 14 23.7,E116 52 19.8
F1AM,S1 14 03.8,E116 50 23.9
F5CP,S1 12 21.6,E116 51 41.3
F9R1,S1 13 45.7,E116 53 38.6
TCNY,S1 11 35.2,E116 59 28.9
TX5T,S0 23 48.2,E116 59 22.2
TDT9,S0 24 43.0,E116 59 09.5
TOSA,S0 25 43.0,E116 59 39.9
T3BJ,S0 21 40.6,E117 06 39.4
TFFU,S0 34 17.8,E117 15 50.3
T9U9,S0 24 59.8,E116 58 55.0
FPMA,S0 26 08.3,E117 00 25.6
FU4V,S0 27 08.3,E117 00 04.7
TGW8,S0 30 37.9,E117 07 02.8
T3YC,S0 30 47.2,E117 07 55.1
TLMS,S0 29 27.3,E117 07 36.7
TSEL,S0 29 56.3,E117 08 11.3
TMKP,S0 32 23.8,E117 06 21.8
T5CO,S0 29 58.6,E117 09 36.1
TRKV,S0 30 22.9,E117 06 58.6
T6OW,S0 30 00.1,E117 08 57.2
TRBK,S0 29 26.1,E117 09 27.3
TZZI,S0 25 40.4,E117 09 42.0
TMYA,S0 31 32.2,E117 06 41.4
T7UY,S0 29 09.6,E117 07 36.7
TVD4,S0 27 10.1,E117 10 00.8
TN5N,S0 30 05.5,E117 09 13.7
TQIB,S0 34 36.6,E117 05 32.2
TMBA,S0 29 03.5,E117 09 08.1
TNC3,S0 29 03.9,E117 10 04.7
TU3L,S0 27 41.1,E117 08 23.3
THMR,S0 28 29.9,E117 10 09.6
TEKB,S0 31 19.6,E117 06 56.5
TRVH,S0 27 45.4,E117 09 01.0
TMU5,S0 27 17.6,E117 11 27.0
TYVB,S0 28 44.8,E117 07 27.9
TMK4,S0 29 27.1,E117 07 44.3
TD9I,S0 31 58.0,E117 07 27.0
TO01,S0 28 46.8,E117 09 13.3
T4MN,S0 28 30.0,E117 08 12.8
T9ZW,S0 29 28.4,E117 08 21.5
TLTV,S0 29 46.0,E117 09 42.9
F7IG,S0 29 50.4,E117 07 26.1
TIWQ,S0 28 19.3,E117 10 02.8
FSPK,S0 26 36.3,E117 09 21.4
TEG7,S0 31 14.4,E117 08 48.4
TBUL,S0 29 54.0,E117 09 11.8
T270,S0 27 52.2,E117 09 18.5
TYZS,S0 29 08.6,E117 09 52.7
TCY3,S0 29 19.2,E117 08 47.0
TRQU,S0 28 17.6,E117 07 20.7
TH9Y,S0 27 18.8,E117 12 00.7
TUDL,S0 29 59.3,E117 07 56.5
TRE9,S0 28 20.1,E117 08 46.9
TCFY,S0 29 50.2,E117 06 45.7
TDRZ,S0 29 34.5,E117 09 43.5
TVH3,S0 30 36.7,E117 10 50.8
TMO5,S0 35 48.3,E117 05 37.9
FMHJ,S0 28 32.0,E117 08 16.6
FCYC,S0 31 58.0,E117 05 27.2
TJJB,S0 35 19.6,E117 03 44.2
FCMG,S0 32 53.0,E117 09 21.3
T8T8,S0 49 04.2,E117 13 59.3
T7M9,S0 30 03.3,E117 08 20.7
TH2Y,S0 30 23.0,E117 09 32.7
TBRR,S0 28 42.7,E117 08 42.1
FSHH,N0 30 35.5,E117 32 08.3
TCG9,N0 29 43.7,E117 32 04.4
T0GG,N0 32 00.1,E117 31 09.4
T53S,N0 31 48.2,E117 31 38.3
TD0Y,N0 08 26.4,E117 25 42.9
F04S,N0 29 27.4,E117 31 55.7
TO14,N0 31 41.3,E117 31 22.5
T1E3,N0 29 45.0,E117 31 46.9
TBCD,N0 30 59.3,E117 32 06.9
TDYC,N0 29 11.6,E117 31 41.9
TK4G,N0 45 16.6,E117 33 23.2
TUR3,N0 44 47.1,E117 35 07.8
T2PR,N0 30 15.4,E117 32 03.3
TKBT,N0 31 22.1,E117 31 43.7
TBKL,S1 23 23.8,E116 37 11.1
TWTU,S1 54 27.8,E116 12 01.9
TPGL,S1 54 42.1,E116 11 45.2
TQWQ,S1 29 56.5,E116 27 45.6
TAXA,S1 54 56.8,E116 11 28.5
TB4Y,S1 54 35.6,E116 11 22.8
TXML,S1 54 31.0,E116 11 38.3
TPEF,S1 54 49.7,E116 11 34.5
FKW4,S1 55 12.8,E116 11 32.1
TLUK,S1 49 11.2,E116 05 00.0
TL3L,S1 52 32.7,E116 11 52.2
FUUU,S1 53 37.2,E116 10 53.0
T7P7,S1 54 01.2,E116 12 03.3
TUUH,N0 30 00.5,E117 32 12.4
TEAP,S1 49 52.9,E115 55 43.5
TGBU,S1 36 04.8,E116 10 20.4
T94W,S1 31 09.7,E116 19 20.7
TM73,S1 14 10.3,E116 53 20.7
TKDE,S1 10 11.4,E116 52 49.5
TYRY,S1 15 02.9,E116 52 13.9
FJ87,S0 27 27.6,E117 11 07.6
TBEM,S1 49 16.8,E115 54 43.7
F8C8,S1 12 11.6,E116 58 47.9
F1FF,S1 13 28.2,E116 52 57.4
TRG4,S1 15 59.6,E116 50 47.8
T4PD,S1 15 32.0,E116 52 03.3
T57V,S1 54 58.1,E116 11 52.1
T6PV,S1 20 55.9,E116 40 25.2
FAS8,S0 31 12.8,E117 09 51.3
TWKA,S1 12 46.2,E116 51 39.8
FA2A,S1 14 54.0,E116 51 03.9
T4PP,S1 16 37.9,E116 50 20.3
T7MA,S1 15 27.8,E116 54 39.2
T8U8,S1 13 31.7,E116 57 45.1
T9TJ,S1 16 34.7,E116 50 18.5
TNR4,S1 14 37.1,E116 52 20.5
TGL9,S1 15 44.9,E116 53 27.5
T9DJ,S1 16 38.9,E116 50 05.2
F9Z5,S1 14 57.8,E116 52 03.1
TTID,S1 54 13.2,E116 11 19.4
TSHO,S1 16 28.3,E116 52 08.2
F7GJ,S1 14 38.9,E116 51 32.9
TEB5,S1 15 40.9,E116 53 57.0
TXUE,S1 14 45.6,E116 51 34.5
T7GH,S1 12 40.6,E116 51 46.6
TCJD,S1 15 06.0,E116 55 40.2
F8WP,S0 54 46.5,E116 45 46.7
TKAA,S0 33 40.0,E117 07 00.8
FQQU,N0 07 37.1,E117 28 33.6
FM4R,S0 31 38.2,E117 07 51.7
TN5T,S1 15 53.0,E116 50 14.5
TKY4,S1 16 07.3,E116 50 08.8
T4MX,S1 11 25.8,E116 53 05.8
T9KS,S0 27 47.5,E117 10 33.4
TL28,S0 28 31.7,E117 08 51.2
TPPU,S1 15 21.5,E116 54 11.4
T2JT,S1 15 19.0,E116 55 31.9
FMMK,N0 07 30.8,E117 28 58.2
T5L3,S1 13 38.6,E116 52 12.1
T1MH,S1 13 02.3,E116 51 10.6
TLNR,S1 14 28.1,E116 52 20.6
T3GP,S1 16 24.3,E116 51 02.5
TN17,S1 16 13.9,E116 50 41.0
TJUZ,S0 53 57.5,E117 12 18.1
F3GA,S0 29 09.6,E117 08 58.5
T5QR,S1 16 30.0,E116 51 26.6
T1AD,S1 12 59.8,E116 50 27.8
FBJE,S0 24 46.4,E116 58 41.3
FQCL,N0 10 14.0,E117 28 16.7
T8FT,S1 36 20.8,E116 09 55.5
FA8H,S1 13 42.4,E116 53 44.8
T0YY,S0 15 44.5,E116 35 32.3
TM3Y,S0 15 51.8,E117 07 13.0
TI3O,S1 13 48.0,E116 50 23.8
FG7H,S1 04 07.2,E116 56 13.3
T6TG,S1 51 43.4,E116 10 29.8
T3CY,S1 13 51.0,E116 52 26.2
T3RM,S1 49 05.2,E115 54 08.5
TRV3,S0 34 56.9,E117 05 01.4
FRY6,S1 16 03.6,E116 52 46.0
TCCT,S1 09 10.3,E116 52 39.4
T3WN,S0 28 57.0,E117 07 56.0
FFV2,S0 26 25.8,E117 05 58.1
FENY,N0 07 46.0,E117 28 58.0
FWWB,S0 22 14.9,E117 15 27.0
TKWY,S0 34 00.3,E117 17 02.2
TA2N,S0 24 01.6,E116 59 05.5
FMUT,N0 08 04.7,E117 29 25.1
FRG8,S0 34 03.2,E117 10 28.9
TKE5,S0 27 45.8,E117 06 56.5
TU3Q,S0 10 01.1,E116 58 19.6
T2BF,S0 25 38.9,E116 58 34.9
F9ML,S0 30 13.1,E117 06 38.1
TE9U,S0 27 26.5,E116 59 21.6
TPHM,S0 31 11.1,E117 08 22.8
FRQQ,S0 41 49.8,E117 05 32.6
FN4K,N0 08 00.7,E117 28 34.3
TDH2,S0 28 38.5,E117 09 30.9
TMCW,N0 29 57.1,E117 30 45.2
TGFS,S0 20 41.1,E117 06 31.8
FNSB,S0 23 43.2,E117 14 55.2
TFDE,S0 58 05.8,E117 00 08.8
TEMV,S0 28 26.4,E117 10 50.8
T2JS,S0 31 01.9,E117 07 26.4
TTCV,S0 26 09.0,E117 09 17.7
TKKZ,S0 29 40.9,E117 09 02.0
TEUC,S0 28 23.4,E117 08 29.7
FUL4,S0 49 36.4,E117 14 40.1
FHUG,S0 28 36.5,E117 11 15.4
F2LV,S0 28 54.0,E117 08 27.0
TBUG,S0 59 50.8,E116 58 39.4
TCEL,S0 34 35.3,E117 05 24.8
T44V,S0 30 39.5,E117 08 10.5
THFS,S0 33 54.6,E117 08 45.7
TYPH,S0 35 00.6,E117 05 48.7
FAKU,S0 34 43.2,E117 12 26.3
TKLZ,S0 26 08.8,E117 08 56.8
FWEK,S1 54 03.3,E116 11 42.3
T4KL,S0 30 21.0,E117 05 52.7
TKPG,S0 34 26.5,E117 10 46.6
TNLE,S0 28 22.3,E117 07 35.2
F4NB,S0 30 04.0,E117 08 13.9
TPUJ,S0 33 29.7,E117 10 06.9
FGTJ,S0 29 23.1,E117 06 19.4
TZNB,S0 27 42.7,E117 11 01.7
T0YB,S0 35 35.6,E117 02 50.5
TR0Z,S0 30 27.7,E117 10 11.3
T8RF,S0 25 16.7,E117 09 37.9
TATK,S0 27 06.1,E117 11 41.0
TMRV,S0 10 20.3,E116 59 23.5
FKDI,S0 34 36.2,E117 11 27.9
TYXT,S0 27 33.6,E117 09 01.0
FGL5,S0 26 05.5,E116 59 14.9
TKVO,S0 31 07.6,E117 08 46.9
TW3F,S0 27 32.9,E116 53 55.5
F4IC,S0 31 40.2,E117 09 50.6
T4ZR,S0 23 36.7,E117 10 15.5
T6MI,S0 40 15.4,E117 13 45.7
T3GI,S1 10 44.8,E116 52 49.6
TKGM,S0 31 10.1,E117 12 13.0
FM7I,S0 30 27.5,E117 09 59.2
THXJ,S0 29 34.5,E117 01 18.4
TZ8X,S0 15 00.9,E116 37 17.0
TZR7,S0 28 31.1,E117 07 23.5
FN71,S0 27 00.6,E117 09 14.9
TSHI,S0 30 31.6,E117 05 30.9
FKB1,S0 51 47.4,E117 12 42.4
FVDC,S0 30 05.4,E117 09 07.1
TVXJ,S0 29 40.5,E117 07 38.2
T9YE,S1 00 50.4,E117 03 05.2
TBQD,S1 17 41.9,E116 44 30.9
TYA0,S1 22 58.6,E116 36 46.0
TV9I,N0 10 01.7,E117 26 19.5
T4U1,S0 16 54.2,E117 06 57.0
TB9K,N0 44 48.5,E117 33 15.6
TY2W,S0 54 59.5,E116 51 01.0
FX4J,S0 31 38.4,E117 05 31.9
T8PJ,S0 27 04.7,E117 10 31.8
T4GL,S0 31 14.7,E117 06 36.6
T1FD,S0 29 37.3,E117 08 35.6
T9KO,S0 31 23.0,E117 01 25.5
TJF3,S0 23 38.8,E117 06 32.6
F3IE,S0 29 16.2,E117 09 15.1
TX0D,S0 28 03.3,E117 00 39.8
F7NG,S0 27 08.1,E117 09 49.9
TX7H,S0 23 40.8,E116 32 12.1
T5E6,S1 30 12.3,E116 25 49.5
TOVK,S0 54 23.8,E116 45 53.7
TB3C,S0 25 23.7,E117 03 42.9
TOES,S0 14 48.1,E115 42 53.1
TUH3,S0 24 17.5,E116 59 22.4
FKWI,S0 27 46.8,E117 11 15.0
TDGR,S0 13 57.7,E115 48 12.3
T8GE,S0 26 45.7,E117 09 17.9
TZOH,S0 33 26.1,E117 13 39.9
THEE,S0 54 39.7,E116 47 09.5
T55A,S0 26 24.4,E117 11 42.8
TWBI,S0 33 28.2,E117 05 10.9
FFZQ,S0 29 08.0,E117 07 30.1
TX2L,S1 00 50.9,E117 05 04.5
TZKV,S0 30 04.2,E117 06 23.5
FLMB,S1 00 11.5,E117 07 51.3
TB1X,S1 20 23.1,E116 40 10.6
TYLW,S0 29 28.9,E117 05 47.5
TUE1,S0 28 18.8,E117 08 05.7
TN3M,S1 18 24.8,E116 43 51.9
TM0X,N0 31 03.5,E117 36 09.9
TXYE,S0 26 27.4,E116 59 56.9
TMF8,S0 16 40.2,E115 45 24.3
TMWU,N1 11 34.9,E116 57 04.4
TA9Y,S0 33 31.5,E117 06 41.3
TK9O,N1 05 22.9,E116 53 46.2
FDI0,N1 04 58.6,E116 53 31.6
F2H7,S0 30 11.9,E117 11 06.0
T6XX,S1 20 28.6,E116 41 00.7
TVFQ,S0 29 07.8,E117 10 33.4
TLZ4,S0 13 33.1,E115 41 51.4
FBVM,S0 51 07.0,E117 13 01.2
T3N8,S0 24 39.5,E116 59 59.2
FSW1,N0 45 05.2,E117 34 22.5
TYJU,S0 44 30.8,E116 15 51.8
T10M,S0 13 54.3,E115 41 17.1
TDJZ,S0 32 17.5,E117 13 40.8
T0B4,S0 30 56.0,E117 06 59.4
TN2K,S0 08 54.4,E115 37 29.8
TZN3,S0 14 05.2,E115 48 44.8
FH7M,S0 27 55.5,E117 10 21.1
TDMN,S0 22 04.0,E116 44 02.9
TSID,S0 16 23.4,E115 40 47.6
T0TS,S0 26 53.4,E116 59 35.2
T7XS,S0 25 35.9,E116 58 14.8
TUQ1,S0 34 57.7,E116 02 16.1
F2P6,N0 29 59.7,E117 31 59.6
TL7F,S0 14 43.1,E115 41 32.3
FUIU,S0 34 46.0,E117 08 18.0
FX8L,S0 09 09.0,E116 56 50.9
TUO6,N0 30 30.5,E117 32 21.3
FYJU,S0 55 26.4,E117 12 35.3
FLVK,N1 05 35.3,E116 55 18.0
T9E1,S0 19 41.6,E115 42 13.5
T7P2,S0 27 59.6,E116 57 12.7
TBA3,S0 13 55.9,E115 49 28.9
TZXB,S0 15 30.8,E116 34 39.5
F8UJ,N1 05 34.2,E116 54 36.7
T6JT,S0 39 44.6,E117 13 43.8
TEIO,N0 22 38.9,E117 30 56.3
TM4K,N1 03 18.6,E116 52 37.4
FK0O,S0 27 03.4,E117 08 44.9
FKLC,S0 31 07.0,E117 05 32.4
FSRE,N0 14 42.8,E117 29 02.8
T9ME,S0 08 38.7,E115 37 42.6
T1IG,S0 57 50.8,E117 00 21.4
FXQM,S0 34 30.6,E117 12 03.9
TYPI,N1 03 42.2,E116 50 32.6
FN9I,S0 30 47.5,E117 09 53.7
TQP7,N1 07 10.2,E116 56 04.7
T3G0,N2 08 53.8,E117 29 41.9
TRBS,S0 25 47.2,E116 58 02.1
TK6F,N0 36 35.3,E117 17 22.8
TWQU,N2 09 18.8,E117 30 25.4
TAUR,N2 09 15.1,E117 29 45.8
T6E0,N2 09 35.4,E117 30 58.4
TO71,N2 50 55.9,E117 21 59.7
FDHW,S0 55 43.4,E116 45 06.8
T3DJ,S1 13 23.0,E116 52 36.1
TV0R,S0 14 57.2,E115 43 23.2
T2XT,S0 23 15.7,E116 33 22.4
TWIK,N2 50 26.8,E117 24 02.4
TQIC,N2 08 51.7,E117 29 21.1
T7FK,N2 49 45.9,E117 22 50.4
TUQ6,S0 09 02.9,E116 55 27.0
FJL0,S1 01 10.0,E117 06 19.9
T3Z1,S0 28 55.3,E117 09 46.0
FZQ6,S0 10 33.3,E116 54 19.7
TAXP,S0 36 38.4,E117 05 16.6
TKYU,S0 59 50.5,E117 00 12.3
TXLK,S0 29 41.7,E117 05 01.3
TJA1,S0 32 29.4,E117 07 30.5
T3C6,N0 55 13.7,E117 50 41.2
TQAB,S0 27 48.6,E117 09 23.6
TODZ,S0 19 37.1,E117 24 05.7
FLNO,S0 21 09.2,E117 00 25.4
TDDB,N2 51 17.7,E117 22 10.7
TV1O,N3 18 06.9,E117 35 20.5
TKKM,N3 22 43.7,E117 33 00.4
TVQR,N3 18 18.8,E117 35 09.4
TKCR,N3 25 54.0,E117 32 30.7
T7HY,N2 51 26.8,E117 21 49.4
FBLM,S0 16 36.2,E116 59 20.9
TGS5,S0 26 00.3,E117 10 46.0
T2OE,N2 08 36.9,E117 28 41.1
TH6M,S1 16 24.6,E116 51 29.8
TL2M,N2 09 37.6,E117 29 56.2
TFLW,N2 09 34.3,E117 27 41.5
T6X1,N3 19 25.2,E117 34 28.1
F8GO,S0 25 07.3,E117 11 50.0
TI6W,S0 19 06.0,E117 26 13.3
TRH2,N2 10 58.5,E117 29 51.4
T32Y,S0 19 59.6,E117 22 59.0
TR4Y,N2 08 28.9,E117 30 00.5
T7HR,N1 02 24.4,E117 50 55.9
TBMP,S1 15 42.3,E116 53 56.7
T6W9,N2 51 08.0,E117 22 33.7
TDT4,S0 30 58.9,E117 06 54.0
FG19,S0 33 01.3,E117 07 15.3
FM2Q,N0 29 50.1,E117 32 13.7
TMGQ,S0 29 31.7,E117 09 16.3
T82W,N2 50 30.5,E117 21 41.6
FX6I,S0 18 47.0,E117 06 19.6
TI3I,N1 41 33.9,E117 04 40.5
T9LR,N3 20 45.3,E117 34 02.9
TFPB,N3 18 51.6,E117 36 37.8
T9KI,S1 10 29.3,E117 00 04.7
T4MA,S0 21 12.7,E117 26 05.1
TAOX,S0 20 11.5,E117 26 42.8
TUWR,N0 29 22.0,E117 31 40.9
FB4J,S0 34 12.1,E117 09 26.5
FY9D,S1 09 43.3,E117 00 17.0
TQL9,N3 18 28.1,E117 36 12.2
T6GG,N2 10 09.0,E117 28 19.3
TLX1,N3 18 59.7,E117 35 23.0
TWFU,N2 49 48.2,E117 21 30.1
TF3K,S0 30 33.6,E116 25 49.6
TH1V,N3 17 41.8,E117 35 23.6
TD7Y,N0 31 39.2,E117 31 45.7
TSI6,N3 20 39.9,E117 34 26.8
T5YZ,N0 29 30.9,E117 32 27.5
TVH7,N0 00 32.1,E117 21 42.7
TFHY,S1 12 12.4,E116 53 02.8
FD7X,S0 25 57.9,E117 13 14.3
TRYT,N1 03 08.1,E116 55 22.3
TVBW,S0 45 03.8,E116 14 57.1
FGOT,S0 27 06.6,E117 00 45.4
TF2I,N3 03 57.2,E117 13 02.9
TX6O,S1 15 35.1,E116 50 22.8
TWJO,N0 28 49.7,E117 32 39.0
TSDU,N3 18 19.9,E117 35 03.5
TIDY,N3 18 20.7,E117 39 01.2
TCX3,N2 09 14.3,E117 30 01.4
TM20,N0 30 06.4,E117 32 21.7
T6AB,S0 05 09.8,E115 38 30.7
TQPE,S1 13 51.4,E116 52 44.1
T4IT,N2 49 03.5,E117 24 27.6
T8MI,N3 18 01.9,E117 37 08.8
T8WT,N3 19 30.7,E117 34 53.8
TH8X,N0 29 57.7,E117 30 57.1
TPD3,S1 14 31.8,E116 50 48.9
T8LG,N3 18 01.7,E117 35 35.9
FMAJ,S0 34 40.9,E117 01 00.0
F3DG,S0 27 14.6,E117 09 10.6
TG6V,S1 14 51.3,E116 56 10.0
TWNT,N2 50 46.2,E117 25 02.8
TYKY,N2 48 26.6,E117 24 30.0
T9ZH,N2 09 07.0,E117 25 26.9
T8WO,S1 16 17.7,E116 49 57.9
TGGV,S1 08 44.3,E116 59 54.7
FEQ2,N0 08 20.2,E116 22 18.5
T2H8,N0 42 08.8,E117 17 34.2
TD2Y,N2 50 20.8,E117 21 53.4
TFFJ,N3 17 51.9,E117 36 03.9
T1JH,N2 16 41.2,E118 05 34.4
TVEE,N1 22 09.6,E118 25 59.7
TPUS,N2 50 40.2,E117 22 11.8
TUHE,N1 35 40.6,E118 10 56.6
TAOS,S1 16 24.3,E116 50 44.8
FJOA,S0 27 48.1,E117 08 23.6
TO6J,N3 02 38.9,E117 12 57.6
TBQM,N1 40 05.0,E118 01 48.7
T7XQ,N2 50 49.9,E117 22 26.1
TKLC,N1 48 39.2,E117 52 19.3
TZDV,S1 10 34.2,E116 50 38.7
TKQY,S1 14 19.5,E116 50 58.4
FU2D,S0 21 55.1,E117 15 59.6
FFM7,S0 28 24.3,E117 09 51.8
TG2D,N3 19 25.6,E117 34 04.1
F1XO,N0 30 48.3,E117 35 14.6
FDUJ,S0 28 03.0,E117 07 07.3
TBBQ,N3 18 59.4,E117 03 57.7
T5V1,S1 14 17.4,E116 50 24.6
T83N,N2 47 01.8,E117 26 49.8
T149,S0 26 36.7,E117 10 36.1
F1A7,S0 33 57.8,E117 14 36.8
FNM0,S0 30 41.3,E117 05 31.7
FFTZ,S1 09 36.4,E116 49 40.6
F29E,S0 27 24.4,E117 10 07.9
TPJY,N0 30 36.0,E117 32 42.4
F09S,N0 31 30.8,E117 31 39.7
TE0G,S1 13 15.0,E116 48 43.5
TG7C,N2 08 43.4,E117 32 59.5
T1Y5,S1 16.188,E116 50.337
FSNI,S0 30 38.2,E117 09 55.0
FZKZ,S0 58 30.4,E117 09 05.7
FELO,S0 24 43.1,E117 09 51.6
F5DW,S0 16 03.6,E116 35 40.0
TK1K,S1 13 38.1,E116 50 27.2
FXKQ,N0 31 40.2,E117 32 11.0
FQNB,S0 28 40.7,E117 07 58.2
TZYM,S0 32 01.8,E116 25 10.5
TJEA,S1 40 05.3,E116 08 54.7
TIWU,N1 24 42.4,E118 20 58.2
FGXH,N0 06 59.4,E116 24 15.3
TH9M,S0 41 33.5,E116 18 53.0
TJVE,N3 05 03.9,E117 12 51.5
T5LR,N1 29 56.6,E118 14 43.9
TX0Y,N0 32 23.4,E117 30 48.0
TGVW,N0 08 56.2,E116 22 00.2
TK4M,N3 19 28.6,E117 03 46.8
TPXP,S1 11 52.6,E116 51 08.0
TYPK,N0 32 00.5,E117 30 14.8
FTM0,N0 30 46.5,E117 34 17.9
T7K6,S0 30 14.7,E117 09 09.6
TWTI,S1 14 37.6,E116 54 20.1
T556,S0 58 04.0,E117 00 06.7
TRD5,S0 57 48.8,E117 00 21.8
F3X8,N0 32 00.5,E117 29 55.3
FWT1,N0 29 51.8,E117 32 27.7
T4OU,S1 08 18.2,E116 52 49.2
TFW1,N2 10 01.8,E117 26 44.7
F76B,S0 28 28.9,E116 51 44.6
FKJO,S0 33 34.9,E117 08 57.2
TLJG,S1 35 59.5,E116 11 08.8
FJJW,N0 31 12.3,E117 31 51.3
T8E5,N0 44 51.5,E117 36 05.7
TRF1,S0 34 58.7,E116 01 35.9
FA1T,S1 14 57.91,E116 53 25.99
,,
,,
,,
,,
,,
